{"cameraMode":{"drawMode":0,"name":"Shaded","section":"Shading Mode"},"sceneLighting":true,"audioPlay":false,"sceneViewState":{"showFog":true,"showMaterialUpdate":true,"showSkybox":true,"showFlares":true,"showImageEffects":true,"showParticleSystems":true},"in2DMode":false,"pivot":{"x":-3.4677858352661135,"y":-7.24948787689209,"z":3.140003204345703},"rotation":{"x":0.3506088852882385,"y":-0.505089282989502,"z":0.23526012897491456,"w":0.7527361512184143},"size":11.490060806274414,"orthographic":false}